Sex,Gambling
boy,gambler
boy,gambler
boy,gambler
boy,gambler
boy,gambler
boy,gambler
boy,gambler
boy,gambler
boy,gambler
boy,gambler
boy,gambler
boy,gambler
boy,gambler
boy,gambler
boy,gambler
boy,gambler
boy,gambler
boy,gambler
boy,gambler
boy,gambler
boy,gambler
boy,gambler
boy,gambler
boy,gambler
boy,gambler
boy,gambler
boy,gambler
boy,gambler
boy,gambler
boy,gambler
boy,gambler
boy,gambler
boy,gambler
boy,gambler
boy,gambler
boy,gambler
boy,gambler
boy,gambler
boy,gambler
boy,gambler
boy,gambler
boy,gambler
boy,gambler
boy,gambler
boy,gambler
boy,gambler
boy,gambler
boy,gambler
boy,gambler
boy,gambler
boy,gambler
boy,gambler
boy,gambler
boy,gambler
boy,gambler
boy,gambler
boy,gambler
boy,gambler
boy,gambler
boy,gambler
boy,gambler
boy,gambler
boy,gambler
boy,gambler
boy,gambler
boy,gambler
boy,gambler
boy,gambler
boy,gambler
boy,gambler
boy,gambler
boy,gambler
boy,gambler
boy,gambler
boy,gambler
boy,gambler
boy,gambler
boy,gambler
boy,gambler
boy,gambler
boy,gambler
boy,gambler
boy,gambler
boy,gambler
boy,gambler
boy,gambler
boy,gambler
boy,gambler
boy,gambler
boy,gambler
boy,gambler
boy,gambler
boy,gambler
boy,gambler
boy,gambler
boy,gambler
boy,gambler
boy,gambler
boy,gambler
boy,gambler
boy,gambler
boy,gambler
boy,gambler
boy,gambler
boy,gambler
boy,gambler
boy,gambler
boy,gambler
boy,gambler
boy,gambler
boy,gambler
boy,gambler
boy,non-gambler
boy,non-gambler
boy,non-gambler
boy,non-gambler
boy,non-gambler
boy,non-gambler
boy,non-gambler
boy,non-gambler
boy,non-gambler
boy,non-gambler
boy,non-gambler
boy,non-gambler
boy,non-gambler
boy,non-gambler
boy,non-gambler
boy,non-gambler
boy,non-gambler
boy,non-gambler
boy,non-gambler
boy,non-gambler
boy,non-gambler
boy,non-gambler
boy,non-gambler
boy,non-gambler
boy,non-gambler
boy,non-gambler
boy,non-gambler
boy,non-gambler
boy,non-gambler
boy,non-gambler
boy,non-gambler
boy,non-gambler
boy,non-gambler
boy,non-gambler
boy,non-gambler
boy,non-gambler
boy,non-gambler
boy,non-gambler
boy,non-gambler
boy,non-gambler
boy,non-gambler
boy,non-gambler
boy,non-gambler
boy,non-gambler
boy,non-gambler
boy,non-gambler
boy,non-gambler
boy,non-gambler
boy,non-gambler
boy,non-gambler
boy,non-gambler
boy,non-gambler
boy,non-gambler
boy,non-gambler
boy,non-gambler
boy,non-gambler
boy,non-gambler
boy,non-gambler
boy,non-gambler
boy,non-gambler
boy,non-gambler
boy,non-gambler
boy,non-gambler
boy,non-gambler
boy,non-gambler
boy,non-gambler
boy,non-gambler
boy,non-gambler
boy,non-gambler
boy,non-gambler
boy,non-gambler
boy,non-gambler
boy,non-gambler
boy,non-gambler
boy,non-gambler
boy,non-gambler
boy,non-gambler
boy,non-gambler
boy,non-gambler
boy,non-gambler
boy,non-gambler
boy,non-gambler
boy,non-gambler
boy,non-gambler
boy,non-gambler
boy,non-gambler
boy,non-gambler
boy,non-gambler
boy,non-gambler
boy,non-gambler
boy,non-gambler
boy,non-gambler
boy,non-gambler
boy,non-gambler
boy,non-gambler
boy,non-gambler
boy,non-gambler
boy,non-gambler
boy,non-gambler
boy,non-gambler
boy,non-gambler
boy,non-gambler
boy,non-gambler
boy,non-gambler
boy,non-gambler
boy,non-gambler
boy,non-gambler
boy,non-gambler
boy,non-gambler
boy,non-gambler
boy,non-gambler
boy,non-gambler
boy,non-gambler
boy,non-gambler
boy,non-gambler
boy,non-gambler
boy,non-gambler
boy,non-gambler
boy,non-gambler
boy,non-gambler
boy,non-gambler
boy,non-gambler
boy,non-gambler
boy,non-gambler
boy,non-gambler
boy,non-gambler
boy,non-gambler
boy,non-gambler
boy,non-gambler
boy,non-gambler
boy,non-gambler
boy,non-gambler
boy,non-gambler
boy,non-gambler
boy,non-gambler
boy,non-gambler
boy,non-gambler
boy,non-gambler
boy,non-gambler
boy,non-gambler
boy,non-gambler
boy,non-gambler
boy,non-gambler
boy,non-gambler
boy,non-gambler
boy,non-gambler
boy,non-gambler
boy,non-gambler
boy,non-gambler
boy,non-gambler
boy,non-gambler
boy,non-gambler
boy,non-gambler
boy,non-gambler
boy,non-gambler
boy,non-gambler
boy,non-gambler
boy,non-gambler
boy,non-gambler
boy,non-gambler
boy,non-gambler
boy,non-gambler
boy,non-gambler
boy,non-gambler
boy,non-gambler
boy,non-gambler
boy,non-gambler
boy,non-gambler
boy,non-gambler
boy,non-gambler
boy,non-gambler
boy,non-gambler
boy,non-gambler
boy,non-gambler
boy,non-gambler
boy,non-gambler
boy,non-gambler
boy,non-gambler
boy,non-gambler
boy,non-gambler
boy,non-gambler
boy,non-gambler
boy,non-gambler
boy,non-gambler
boy,non-gambler
boy,non-gambler
boy,non-gambler
boy,non-gambler
boy,non-gambler
boy,non-gambler
boy,non-gambler
boy,non-gambler
boy,non-gambler
boy,non-gambler
boy,non-gambler
boy,non-gambler
boy,non-gambler
boy,non-gambler
boy,non-gambler
boy,non-gambler
boy,non-gambler
boy,non-gambler
boy,non-gambler
boy,non-gambler
boy,non-gambler
boy,non-gambler
boy,non-gambler
boy,non-gambler
boy,non-gambler
boy,non-gambler
boy,non-gambler
boy,non-gambler
boy,non-gambler
boy,non-gambler
boy,non-gambler
boy,non-gambler
boy,non-gambler
boy,non-gambler
boy,non-gambler
boy,non-gambler
boy,non-gambler
boy,non-gambler
boy,non-gambler
boy,non-gambler
boy,non-gambler
boy,non-gambler
boy,non-gambler
boy,non-gambler
boy,non-gambler
boy,non-gambler
boy,non-gambler
boy,non-gambler
boy,non-gambler
boy,non-gambler
boy,non-gambler
boy,non-gambler
boy,non-gambler
boy,non-gambler
boy,non-gambler
boy,non-gambler
boy,non-gambler
boy,non-gambler
boy,non-gambler
boy,non-gambler
boy,non-gambler
boy,non-gambler
boy,non-gambler
boy,non-gambler
boy,non-gambler
boy,non-gambler
boy,non-gambler
boy,non-gambler
boy,non-gambler
boy,non-gambler
boy,non-gambler
boy,non-gambler
boy,non-gambler
boy,non-gambler
boy,non-gambler
boy,non-gambler
boy,non-gambler
boy,non-gambler
boy,non-gambler
boy,non-gambler
boy,non-gambler
boy,non-gambler
boy,non-gambler
boy,non-gambler
boy,non-gambler
boy,non-gambler
boy,non-gambler
boy,non-gambler
boy,non-gambler
boy,non-gambler
boy,non-gambler
boy,non-gambler
boy,non-gambler
boy,non-gambler
boy,non-gambler
boy,non-gambler
boy,non-gambler
boy,non-gambler
boy,non-gambler
boy,non-gambler
boy,non-gambler
boy,non-gambler
boy,non-gambler
boy,non-gambler
boy,non-gambler
boy,non-gambler
boy,non-gambler
boy,non-gambler
boy,non-gambler
boy,non-gambler
boy,non-gambler
boy,non-gambler
boy,non-gambler
boy,non-gambler
boy,non-gambler
boy,non-gambler
boy,non-gambler
boy,non-gambler
boy,non-gambler
boy,non-gambler
boy,non-gambler
boy,non-gambler
boy,non-gambler
boy,non-gambler
boy,non-gambler
boy,non-gambler
boy,non-gambler
boy,non-gambler
boy,non-gambler
boy,non-gambler
boy,non-gambler
boy,non-gambler
boy,non-gambler
boy,non-gambler
boy,non-gambler
boy,non-gambler
boy,non-gambler
boy,non-gambler
boy,non-gambler
boy,non-gambler
boy,non-gambler
boy,non-gambler
boy,non-gambler
boy,non-gambler
boy,non-gambler
boy,non-gambler
boy,non-gambler
boy,non-gambler
boy,non-gambler
boy,non-gambler
boy,non-gambler
boy,non-gambler
boy,non-gambler
boy,non-gambler
boy,non-gambler
boy,non-gambler
boy,non-gambler
boy,non-gambler
boy,non-gambler
boy,non-gambler
boy,non-gambler
boy,non-gambler
boy,non-gambler
boy,non-gambler
boy,non-gambler
boy,non-gambler
boy,non-gambler
boy,non-gambler
boy,non-gambler
boy,non-gambler
boy,non-gambler
boy,non-gambler
boy,non-gambler
boy,non-gambler
boy,non-gambler
boy,non-gambler
boy,non-gambler
boy,non-gambler
boy,non-gambler
boy,non-gambler
boy,non-gambler
boy,non-gambler
boy,non-gambler
boy,non-gambler
boy,non-gambler
boy,non-gambler
boy,non-gambler
boy,non-gambler
boy,non-gambler
boy,non-gambler
boy,non-gambler
boy,non-gambler
boy,non-gambler
boy,non-gambler
boy,non-gambler
non-boy,gambler
non-boy,gambler
non-boy,gambler
non-boy,gambler
non-boy,gambler
non-boy,gambler
non-boy,gambler
non-boy,gambler
non-boy,gambler
non-boy,gambler
non-boy,gambler
non-boy,gambler
non-boy,gambler
non-boy,gambler
non-boy,gambler
non-boy,gambler
non-boy,gambler
non-boy,gambler
non-boy,gambler
non-boy,gambler
non-boy,gambler
non-boy,gambler
non-boy,gambler
non-boy,non-gambler
non-boy,non-gambler
non-boy,non-gambler
non-boy,non-gambler
non-boy,non-gambler
non-boy,non-gambler
non-boy,non-gambler
non-boy,non-gambler
non-boy,non-gambler
non-boy,non-gambler
non-boy,non-gambler
non-boy,non-gambler
non-boy,non-gambler
non-boy,non-gambler
non-boy,non-gambler
non-boy,non-gambler
non-boy,non-gambler
non-boy,non-gambler
non-boy,non-gambler
non-boy,non-gambler
non-boy,non-gambler
non-boy,non-gambler
non-boy,non-gambler
non-boy,non-gambler
non-boy,non-gambler
non-boy,non-gambler
non-boy,non-gambler
non-boy,non-gambler
non-boy,non-gambler
non-boy,non-gambler
non-boy,non-gambler
non-boy,non-gambler
non-boy,non-gambler
non-boy,non-gambler
non-boy,non-gambler
non-boy,non-gambler
non-boy,non-gambler
non-boy,non-gambler
non-boy,non-gambler
non-boy,non-gambler
non-boy,non-gambler
non-boy,non-gambler
non-boy,non-gambler
non-boy,non-gambler
non-boy,non-gambler
non-boy,non-gambler
non-boy,non-gambler
non-boy,non-gambler
non-boy,non-gambler
non-boy,non-gambler
non-boy,non-gambler
non-boy,non-gambler
non-boy,non-gambler
non-boy,non-gambler
non-boy,non-gambler
non-boy,non-gambler
non-boy,non-gambler
non-boy,non-gambler
non-boy,non-gambler
non-boy,non-gambler
non-boy,non-gambler
non-boy,non-gambler
non-boy,non-gambler
non-boy,non-gambler
non-boy,non-gambler
non-boy,non-gambler
non-boy,non-gambler
non-boy,non-gambler
non-boy,non-gambler
non-boy,non-gambler
non-boy,non-gambler
non-boy,non-gambler
non-boy,non-gambler
non-boy,non-gambler
non-boy,non-gambler
non-boy,non-gambler
non-boy,non-gambler
non-boy,non-gambler
non-boy,non-gambler
non-boy,non-gambler
non-boy,non-gambler
non-boy,non-gambler
non-boy,non-gambler
non-boy,non-gambler
non-boy,non-gambler
non-boy,non-gambler
non-boy,non-gambler
non-boy,non-gambler
non-boy,non-gambler
non-boy,non-gambler
non-boy,non-gambler
non-boy,non-gambler
non-boy,non-gambler
non-boy,non-gambler
non-boy,non-gambler
non-boy,non-gambler
non-boy,non-gambler
non-boy,non-gambler
non-boy,non-gambler
non-boy,non-gambler
non-boy,non-gambler
non-boy,non-gambler
non-boy,non-gambler
non-boy,non-gambler
non-boy,non-gambler
non-boy,non-gambler
non-boy,non-gambler
non-boy,non-gambler
non-boy,non-gambler
non-boy,non-gambler
non-boy,non-gambler
non-boy,non-gambler
non-boy,non-gambler
non-boy,non-gambler
non-boy,non-gambler
non-boy,non-gambler
non-boy,non-gambler
non-boy,non-gambler
non-boy,non-gambler
non-boy,non-gambler
non-boy,non-gambler
non-boy,non-gambler
non-boy,non-gambler
non-boy,non-gambler
non-boy,non-gambler
non-boy,non-gambler
non-boy,non-gambler
non-boy,non-gambler
non-boy,non-gambler
non-boy,non-gambler
non-boy,non-gambler
non-boy,non-gambler
non-boy,non-gambler
non-boy,non-gambler
non-boy,non-gambler
non-boy,non-gambler
non-boy,non-gambler
non-boy,non-gambler
non-boy,non-gambler
non-boy,non-gambler
non-boy,non-gambler
non-boy,non-gambler
non-boy,non-gambler
non-boy,non-gambler
non-boy,non-gambler
non-boy,non-gambler
non-boy,non-gambler
non-boy,non-gambler
non-boy,non-gambler
non-boy,non-gambler
non-boy,non-gambler
non-boy,non-gambler
non-boy,non-gambler
non-boy,non-gambler
non-boy,non-gambler
non-boy,non-gambler
non-boy,non-gambler
non-boy,non-gambler
non-boy,non-gambler
non-boy,non-gambler
non-boy,non-gambler
non-boy,non-gambler
non-boy,non-gambler
non-boy,non-gambler
non-boy,non-gambler
non-boy,non-gambler
non-boy,non-gambler
non-boy,non-gambler
non-boy,non-gambler
non-boy,non-gambler
non-boy,non-gambler
non-boy,non-gambler
non-boy,non-gambler
non-boy,non-gambler
non-boy,non-gambler
non-boy,non-gambler
non-boy,non-gambler
non-boy,non-gambler
non-boy,non-gambler
non-boy,non-gambler
non-boy,non-gambler
non-boy,non-gambler
non-boy,non-gambler
non-boy,non-gambler
non-boy,non-gambler
non-boy,non-gambler
non-boy,non-gambler
non-boy,non-gambler
non-boy,non-gambler
non-boy,non-gambler
non-boy,non-gambler
non-boy,non-gambler
non-boy,non-gambler
non-boy,non-gambler
non-boy,non-gambler
non-boy,non-gambler
non-boy,non-gambler
non-boy,non-gambler
non-boy,non-gambler
non-boy,non-gambler
non-boy,non-gambler
non-boy,non-gambler
non-boy,non-gambler
non-boy,non-gambler
non-boy,non-gambler
non-boy,non-gambler
non-boy,non-gambler
non-boy,non-gambler
non-boy,non-gambler
non-boy,non-gambler
non-boy,non-gambler
non-boy,non-gambler
non-boy,non-gambler
non-boy,non-gambler
non-boy,non-gambler
non-boy,non-gambler
non-boy,non-gambler
non-boy,non-gambler
non-boy,non-gambler
non-boy,non-gambler
non-boy,non-gambler
non-boy,non-gambler
non-boy,non-gambler
non-boy,non-gambler
non-boy,non-gambler
non-boy,non-gambler
non-boy,non-gambler
non-boy,non-gambler
non-boy,non-gambler
non-boy,non-gambler
non-boy,non-gambler
non-boy,non-gambler
non-boy,non-gambler
non-boy,non-gambler
non-boy,non-gambler
non-boy,non-gambler
non-boy,non-gambler
non-boy,non-gambler
non-boy,non-gambler
non-boy,non-gambler
non-boy,non-gambler
non-boy,non-gambler
non-boy,non-gambler
non-boy,non-gambler
non-boy,non-gambler
non-boy,non-gambler
non-boy,non-gambler
non-boy,non-gambler
non-boy,non-gambler
non-boy,non-gambler
non-boy,non-gambler
non-boy,non-gambler
non-boy,non-gambler
non-boy,non-gambler
non-boy,non-gambler
non-boy,non-gambler
non-boy,non-gambler
non-boy,non-gambler
non-boy,non-gambler
non-boy,non-gambler
non-boy,non-gambler
non-boy,non-gambler
non-boy,non-gambler
non-boy,non-gambler
non-boy,non-gambler
non-boy,non-gambler
non-boy,non-gambler
non-boy,non-gambler
non-boy,non-gambler
non-boy,non-gambler
non-boy,non-gambler
non-boy,non-gambler
non-boy,non-gambler
non-boy,non-gambler
non-boy,non-gambler
non-boy,non-gambler
non-boy,non-gambler
non-boy,non-gambler
non-boy,non-gambler
non-boy,non-gambler
non-boy,non-gambler
non-boy,non-gambler
non-boy,non-gambler
non-boy,non-gambler
non-boy,non-gambler
non-boy,non-gambler
non-boy,non-gambler
non-boy,non-gambler
non-boy,non-gambler
non-boy,non-gambler
non-boy,non-gambler
non-boy,non-gambler
non-boy,non-gambler
non-boy,non-gambler
non-boy,non-gambler
non-boy,non-gambler
non-boy,non-gambler
non-boy,non-gambler
non-boy,non-gambler
non-boy,non-gambler
non-boy,non-gambler
non-boy,non-gambler
non-boy,non-gambler
non-boy,non-gambler
non-boy,non-gambler
non-boy,non-gambler
non-boy,non-gambler
non-boy,non-gambler
non-boy,non-gambler
non-boy,non-gambler
non-boy,non-gambler
non-boy,non-gambler
non-boy,non-gambler
non-boy,non-gambler
non-boy,non-gambler
non-boy,non-gambler
non-boy,non-gambler
non-boy,non-gambler
non-boy,non-gambler
non-boy,non-gambler
non-boy,non-gambler
non-boy,non-gambler
non-boy,non-gambler
non-boy,non-gambler
non-boy,non-gambler
non-boy,non-gambler
non-boy,non-gambler
non-boy,non-gambler
non-boy,non-gambler
non-boy,non-gambler
non-boy,non-gambler
non-boy,non-gambler
non-boy,non-gambler
non-boy,non-gambler
non-boy,non-gambler
non-boy,non-gambler
non-boy,non-gambler
non-boy,non-gambler
non-boy,non-gambler
non-boy,non-gambler
non-boy,non-gambler
non-boy,non-gambler
non-boy,non-gambler
non-boy,non-gambler
non-boy,non-gambler
non-boy,non-gambler
non-boy,non-gambler
non-boy,non-gambler
non-boy,non-gambler
non-boy,non-gambler
non-boy,non-gambler
non-boy,non-gambler
non-boy,non-gambler
non-boy,non-gambler
non-boy,non-gambler
non-boy,non-gambler
non-boy,non-gambler
non-boy,non-gambler
non-boy,non-gambler
non-boy,non-gambler
non-boy,non-gambler
non-boy,non-gambler
non-boy,non-gambler
non-boy,non-gambler
non-boy,non-gambler
non-boy,non-gambler
non-boy,non-gambler
non-boy,non-gambler
non-boy,non-gambler
non-boy,non-gambler
non-boy,non-gambler
non-boy,non-gambler
non-boy,non-gambler
non-boy,non-gambler
non-boy,non-gambler
non-boy,non-gambler
non-boy,non-gambler
non-boy,non-gambler
non-boy,non-gambler
non-boy,non-gambler
non-boy,non-gambler
non-boy,non-gambler
non-boy,non-gambler
non-boy,non-gambler
non-boy,non-gambler
non-boy,non-gambler
non-boy,non-gambler
non-boy,non-gambler
non-boy,non-gambler
non-boy,non-gambler
non-boy,non-gambler
non-boy,non-gambler
non-boy,non-gambler
non-boy,non-gambler
non-boy,non-gambler
non-boy,non-gambler
non-boy,non-gambler
non-boy,non-gambler
non-boy,non-gambler
non-boy,non-gambler
non-boy,non-gambler
non-boy,non-gambler
non-boy,non-gambler
non-boy,non-gambler
non-boy,non-gambler
non-boy,non-gambler
non-boy,non-gambler
non-boy,non-gambler
non-boy,non-gambler
non-boy,non-gambler
non-boy,non-gambler
non-boy,non-gambler
non-boy,non-gambler
non-boy,non-gambler
non-boy,non-gambler
non-boy,non-gambler
non-boy,non-gambler
non-boy,non-gambler
non-boy,non-gambler
non-boy,non-gambler
non-boy,non-gambler
non-boy,non-gambler
non-boy,non-gambler
non-boy,non-gambler
non-boy,non-gambler
non-boy,non-gambler
non-boy,non-gambler
non-boy,non-gambler
non-boy,non-gambler
non-boy,non-gambler
non-boy,non-gambler
non-boy,non-gambler
non-boy,non-gambler
non-boy,non-gambler
non-boy,non-gambler
non-boy,non-gambler
non-boy,non-gambler
non-boy,non-gambler
non-boy,non-gambler
non-boy,non-gambler
non-boy,non-gambler
non-boy,non-gambler
non-boy,non-gambler
non-boy,non-gambler
non-boy,non-gambler
non-boy,non-gambler
non-boy,non-gambler
non-boy,non-gambler
non-boy,non-gambler
non-boy,non-gambler
non-boy,non-gambler
non-boy,non-gambler
non-boy,non-gambler
non-boy,non-gambler
non-boy,non-gambler
non-boy,non-gambler
non-boy,non-gambler
non-boy,non-gambler
non-boy,non-gambler
non-boy,non-gambler
non-boy,non-gambler
non-boy,non-gambler
non-boy,non-gambler
non-boy,non-gambler
non-boy,non-gambler
non-boy,non-gambler
non-boy,non-gambler
non-boy,non-gambler
non-boy,non-gambler
non-boy,non-gambler
non-boy,non-gambler
non-boy,non-gambler
non-boy,non-gambler
non-boy,non-gambler
non-boy,non-gambler
non-boy,non-gambler
non-boy,non-gambler
non-boy,non-gambler
non-boy,non-gambler
non-boy,non-gambler
non-boy,non-gambler
non-boy,non-gambler
non-boy,non-gambler
non-boy,non-gambler
non-boy,non-gambler
non-boy,non-gambler
